2222,04-19-2023
2222,04-19-2023
1111,04-21-2023,Sick Leave
1111,04-30-2023,Vacation Leave
1111,04-28-2023,Emergency Leave
1111,09-28-2023,Sick Leave
1111,09-28-2023,Sick Leave
1111,09-28-2023,Vacation Leave
1111,09-28-2023,Sick Leave
1111,09-28-2023,Sick Leave
1111,09-28-2023,Sick Leave
1111,04-19-2023,Sick Leave
....,04-19-2023,....
....,04-19-2023,....
1111,04-19-2023,Sick Leave
1111,04-19-2023,Sick Leave
1111,04-19-2023,Sick Leave
1111,04-19-2023,Sick Leave
1111,04-19-2023,Sick Leave
1111,04-19-2023,Vacation Leave
1111,04-19-2023,Vacation Leave
1111,04-22-2023,Vacation Leave
1111,09-28-2023,Vacation Leave
1111,09-30-2023,Vacation Leave
1111,09-08-2023,Emergency Leave
1111,09-30-2023,Emergency Leave
1111,12-31-2023,Emergency Leave
1111,12-30-2023,Emergency Leave
2222,04-19-2023,Sick Leave
2222,04-19-2023,Sick Leave
2222,04-29-2023,Sick Leave
2222,12-30-2023,Sick Leave
2222,12-29-2023,Vacation Leave
2222,12-30-2023,Vacation Leave
2222,12-26-2023,Vacation Leave
2222,12-18-2023,Vacation Leave
2222,12-23-2023,Vacation Leave
2222,12-27-2023,Vacation Leave
2222,12-26-2023,Vacation Leave
2222,12-21-2023,Vacation Leave
2222,12-18-2023,Vacation Leave
2222,12-22-2023,Vacation Leave
2222,09-15-2023,Emergency Leave
2222,09-05-2023,Emergency Leave
2222,09-06-2023,Emergency Leave
2222,09-07-2023,Emergency Leave
2222,09-08-2023,Emergency Leave
1111,04-23-2023,Sick Leave
1111,04-29-2023,Vacation Leave
1111,04-30-2023,Emergency Leave
1111,04-30-2023,Sick Leave
1111,04-30-2023,Sick Leave
1111,04-30-2023,Sick Leave
1111,04-30-2023,Sick Leave
2222,04-28-2023,Sick Leave
2222,04-29-2023,Vacation Leave
2222,04-30-2023,Emergency Leave
2222,04-30-2023,Sick Leave
2222,04-30-2023,Sick Leave
2222,04-30-2023,Emergency Leave
2222,04-30-2023,Emergency Leave
2222,04-30-2023,Emergency Leave
2222,04-30-2023,Emergency Leave
2222,04-30-2023,Vacation Leave
2222,04-30-2023,Vacation Leave
2222,10-28-2023,Vacation Leave
2222,10-28-2023,Vacation Leave
2222,10-28-2023,Vacation Leave
2222,10-28-2023,Vacation Leave
2222,10-31-2023,Vacation Leave
2222,10-31-2023,Vacation Leave
2222,10-31-2023,Vacation Leave
2222,10-26-2023,Sick Leave
2222,10-28-2023,Sick Leave
